date,scarab_sha,infra_sha,mode,workload,ipc,mem_latency_cycles,offpath_cycle_pct,kips
2026-09-07,9c24338,32d784e,memtrace/opt,spec2017/rate_fp_v2/blender_r,2.05997,274.483,49.0485,74.7749
2026-09-07,9c24338,32d784e,memtrace/opt,spec2017/rate_fp_v2/bwaves_r,0.858927,263.556,0.327098,78.5236
2026-09-07,9c24338,32d784e,memtrace/opt,spec2017/rate_fp_v2/bwaves_r_2,0.853946,263.053,0.238561,76.8705
2026-09-07,9c24338,32d784e,memtrace/opt,spec2017/rate_fp_v2/bwaves_r_3,0.8421,257.645,0.0382592,81.9471
2026-09-07,9c24338,32d784e,memtrace/opt,spec2017/rate_fp_v2/bwaves_r_4,0.860094,263.756,0.311863,80.5871
2026-09-07,9c24338,32d784e,memtrace/opt,spec2017/rate_fp_v2/cactuBSSN_r,1.76383,609.379,0.207132,81.9239
2026-09-07,9c24338,32d784e,memtrace/opt,spec2017/rate_fp_v2/cam4_r,1.26711,547.69,6.41098,75.5035
2026-09-07,9c24338,32d784e,memtrace/opt,spec2017/rate_fp_v2/fotonik3d_r,1.01177,573.839,0.0793558,93.2742
2026-09-07,9c24338,32d784e,memtrace/opt,spec2017/rate_fp_v2/imagick_r,3.38487,416.505,11.7796,114.994
2026-09-07,9c24338,32d784e,memtrace/opt,spec2017/rate_fp_v2/lbm_r,1.17241,704.925,0.514586,81.6382
2026-09-07,9c24338,32d784e,memtrace/opt,spec2017/rate_fp_v2/nab_r,1.26779,132.469,20.0158,83.4965
2026-09-07,9c24338,32d784e,memtrace/opt,spec2017/rate_fp_v2/namd_r,3.01979,171.296,11.2328,110.393
2026-09-07,9c24338,32d784e,memtrace/opt,spec2017/rate_fp_v2/parest_r,1.67281,278.475,6.65657,109.281
2026-09-07,9c24338,32d784e,memtrace/opt,spec2017/rate_fp_v2/povray_r,2.84991,425.846,14.2471,70.0335
2026-09-07,9c24338,32d784e,memtrace/opt,spec2017/rate_fp_v2/roms_r,1.27134,461.354,0.168885,91.7184
2026-09-07,9c24338,32d784e,memtrace/opt,spec2017/rate_fp_v2/wrf_r,1.16238,210.07,4.9093,85.4346
2026-09-07,9c24338,32d784e,memtrace/opt,spec2017/rate_int_v2/deepsjeng_r,2.28203,304.021,40.2124,51.568
2026-09-07,9c24338,32d784e,memtrace/opt,spec2017/rate_int_v2/exchange2_r,3.33536,278.911,11.5465,71.0374
2026-09-07,9c24338,32d784e,memtrace/opt,spec2017/rate_int_v2/gcc_r,1.5586,582.713,43.5567,44.5724
2026-09-07,9c24338,32d784e,memtrace/opt,spec2017/rate_int_v2/gcc_r_2,1.72028,488.006,39.74,45.6603
2026-09-07,9c24338,32d784e,memtrace/opt,spec2017/rate_int_v2/gcc_r_3,1.1392,449.446,22.9243,52.8673
2026-09-07,9c24338,32d784e,memtrace/opt,spec2017/rate_int_v2/gcc_r_4,1.83551,428.128,28.0718,52.0227
2026-09-07,9c24338,32d784e,memtrace/opt,spec2017/rate_int_v2/gcc_r_5,1.84027,368.555,22.6303,50.5253
2026-09-07,9c24338,32d784e,memtrace/opt,spec2017/rate_int_v2/leela_r,1.60225,263.761,53.9239,45.4727
2026-09-07,9c24338,32d784e,memtrace/opt,spec2017/rate_int_v2/mcf_r,0.742919,304.316,59.0358,40.2753
2026-09-07,9c24338,32d784e,memtrace/opt,spec2017/rate_int_v2/omnetpp_r,0.926367,333.367,45.2628,43.4503
2026-09-07,9c24338,32d784e,memtrace/opt,spec2017/rate_int_v2/perlbench_r,2.68188,255.373,28.4378,55.7776
2026-09-07,9c24338,32d784e,memtrace/opt,spec2017/rate_int_v2/perlbench_r_2,3.12078,278.225,14.2321,53.5273
2026-09-07,9c24338,32d784e,memtrace/opt,spec2017/rate_int_v2/perlbench_r_3,2.11339,253.796,10.3599,60.7146
2026-09-07,9c24338,32d784e,memtrace/opt,spec2017/rate_int_v2/x264_r,3.68861,298.268,11.4546,89.683
2026-09-07,9c24338,32d784e,memtrace/opt,spec2017/rate_int_v2/x264_r_2,3.89902,293.018,10.9729,92.1283
2026-09-07,9c24338,32d784e,memtrace/opt,spec2017/rate_int_v2/x264_r_3,3.82403,269.597,11.8217,90.8455
2026-09-07,9c24338,32d784e,memtrace/opt,spec2017/rate_int_v2/xalancbmk_r,0.900661,383.007,38.2401,59.6912
2026-09-07,9c24338,32d784e,memtrace/opt,spec2017/rate_int_v2/xz_r,0.80615,344.824,79.2317,47.4503
2026-09-07,9c24338,32d784e,memtrace/opt,spec2017/rate_int_v2/xz_r_2,2.1233,972.104,43.0194,82.0607
2026-09-07,9c24338,32d784e,memtrace/opt,spec2017/rate_int_v2/xz_r_3,1.55567,365.327,63.314,76.1137
2026-09-07,9c24338,32d784e,memtrace/opt,Avg,1.86154,342.283,23.3896,66.3308
2026-09-07,9c24338,32d784e,memtrace/dbg,spec2017/rate_fp_v2/blender_r,2.05997,274.483,49.0485,7.68941
2026-09-07,9c24338,32d784e,memtrace/dbg,spec2017/rate_fp_v2/bwaves_r,0.858927,263.556,0.327098,7.94176
2026-09-07,9c24338,32d784e,memtrace/dbg,spec2017/rate_fp_v2/bwaves_r_2,0.853946,263.053,0.238561,8.16536
2026-09-07,9c24338,32d784e,memtrace/dbg,spec2017/rate_fp_v2/bwaves_r_3,0.8421,257.645,0.0382592,7.95351
2026-09-07,9c24338,32d784e,memtrace/dbg,spec2017/rate_fp_v2/bwaves_r_4,0.860094,263.756,0.311863,7.90324
2026-09-07,9c24338,32d784e,memtrace/dbg,spec2017/rate_fp_v2/cactuBSSN_r,1.76383,609.379,0.207132,10.2526
2026-09-07,9c24338,32d784e,memtrace/dbg,spec2017/rate_fp_v2/cam4_r,1.26711,547.69,6.41098,8.34052
2026-09-07,9c24338,32d784e,memtrace/dbg,spec2017/rate_fp_v2/fotonik3d_r,1.01177,573.839,0.0793558,8.46694
2026-09-07,9c24338,32d784e,memtrace/dbg,spec2017/rate_fp_v2/imagick_r,3.38487,416.505,11.7796,12.6778
2026-09-07,9c24338,32d784e,memtrace/dbg,spec2017/rate_fp_v2/lbm_r,1.17241,704.925,0.514586,7.84289
2026-09-07,9c24338,32d784e,memtrace/dbg,spec2017/rate_fp_v2/nab_r,1.26779,132.469,20.0158,8.72575
2026-09-07,9c24338,32d784e,memtrace/dbg,spec2017/rate_fp_v2/namd_r,3.01979,171.296,11.2328,11.7546
2026-09-07,9c24338,32d784e,memtrace/dbg,spec2017/rate_fp_v2/parest_r,1.67281,278.475,6.65657,9.53422
2026-09-07,9c24338,32d784e,memtrace/dbg,spec2017/rate_fp_v2/povray_r,2.84991,425.846,14.2471,8.33803
2026-09-07,9c24338,32d784e,memtrace/dbg,spec2017/rate_fp_v2/roms_r,1.27134,461.354,0.168885,8.5324
2026-09-07,9c24338,32d784e,memtrace/dbg,spec2017/rate_fp_v2/wrf_r,1.16238,210.07,4.9093,8.88613
2026-09-07,9c24338,32d784e,memtrace/dbg,spec2017/rate_int_v2/deepsjeng_r,2.28203,304.021,40.2124,5.73791
2026-09-07,9c24338,32d784e,memtrace/dbg,spec2017/rate_int_v2/exchange2_r,3.33536,278.911,11.5465,7.46383
2026-09-07,9c24338,32d784e,memtrace/dbg,spec2017/rate_int_v2/gcc_r,nan,nan,,
2026-09-07,9c24338,32d784e,memtrace/dbg,spec2017/rate_int_v2/gcc_r_2,2.29307,86.6143,12.1836,5.89098
2026-09-07,9c24338,32d784e,memtrace/dbg,spec2017/rate_int_v2/gcc_r_3,0.749963,73.3648,4.55521,5.75807
2026-09-07,9c24338,32d784e,memtrace/dbg,spec2017/rate_int_v2/gcc_r_4,1.83551,428.128,28.0718,5.60726
2026-09-07,9c24338,32d784e,memtrace/dbg,spec2017/rate_int_v2/gcc_r_5,1.84027,368.555,22.6303,5.36559
2026-09-07,9c24338,32d784e,memtrace/dbg,spec2017/rate_int_v2/leela_r,1.60225,263.761,53.9239,4.5666
2026-09-07,9c24338,32d784e,memtrace/dbg,spec2017/rate_int_v2/mcf_r,0.742919,304.316,59.0358,3.04509
2026-09-07,9c24338,32d784e,memtrace/dbg,spec2017/rate_int_v2/omnetpp_r,0.926367,333.367,45.2628,4.474
2026-09-07,9c24338,32d784e,memtrace/dbg,spec2017/rate_int_v2/perlbench_r,2.68188,255.373,28.4378,6.15813
2026-09-07,9c24338,32d784e,memtrace/dbg,spec2017/rate_int_v2/perlbench_r_2,3.12078,278.225,14.2321,6.58491
2026-09-07,9c24338,32d784e,memtrace/dbg,spec2017/rate_int_v2/perlbench_r_3,2.11339,253.796,10.3599,7.22075
2026-09-07,9c24338,32d784e,memtrace/dbg,spec2017/rate_int_v2/x264_r,3.68861,298.268,11.4546,10.4143
2026-09-07,9c24338,32d784e,memtrace/dbg,spec2017/rate_int_v2/x264_r_2,3.89902,293.018,10.9729,10.9873
2026-09-07,9c24338,32d784e,memtrace/dbg,spec2017/rate_int_v2/x264_r_3,3.82403,269.597,11.8217,9.83193
2026-09-07,9c24338,32d784e,memtrace/dbg,spec2017/rate_int_v2/xalancbmk_r,0.900661,383.007,38.2401,5.62155
2026-09-07,9c24338,32d784e,memtrace/dbg,spec2017/rate_int_v2/xz_r,0.80615,344.824,79.2317,4.47494
2026-09-07,9c24338,32d784e,memtrace/dbg,spec2017/rate_int_v2/xz_r_2,2.1233,972.104,43.0194,7.63791
2026-09-07,9c24338,32d784e,memtrace/dbg,spec2017/rate_int_v2/xz_r_3,1.55567,365.327,63.314,7.52586
2026-09-07,9c24338,32d784e,memtrace/dbg,Avg,nan,nan,,
